id,subreddit,author,score,title,domain,url,created_utc
i2iu7m,pics,BawSimona,34234,A collage of sunset pictures taken from my window during July,i.redd.it,https://i.redd.it/aqgkgwxwcne51.jpg,2020-08-02 20:13:22
i2k2yx,funny,lakenef,16128,How The Office characters would describe COVID-19,i.redd.it,https://i.redd.it/qk26s24spne51.jpg,2020-08-02 21:25:24
i2ie0w,nextfuckinglevel,prashant_peekay,30857,That balance,v.redd.it,https://v.redd.it/xazqmr9e8ne51,2020-08-02 19:48:16
i2i1y5,interestingasfuck,Dexter_davis,30877,The Zangbeto is a ritualistic Gambian dance wherein the dancer is cloaked in palm fronds from head to toe,i.imgur.com,https://i.imgur.com/lknTBN9.gifv,2020-08-02 19:29:17
i2i2zd,unpopularopinion,slartibortfast,26905,"Amazon could really use a ""filter out Chinese sellers"" option",self.unpopularopinion,https://www.reddit.com/r/unpopularopinion/comments/i2i2zd/amazon_could_really_use_a_filter_out_chinese/,2020-08-02 19:30:55
i2i2z9,gifs,Dexter_davis,12000,Good guy Gator saves kid,i.imgur.com,https://i.imgur.com/2d1Sy4G.gifv,2020-08-02 19:30:55
i2g9p0,BlackPeopleTwitter,AmiBorg,44413,Available now in Technicolor from all national broadcasters,i.redd.it,https://i.redd.it/atrxg3kkmme51.png,2020-08-02 17:49:20
i2igf4,pcmasterrace,PCsAreQuiteGood,13567,PC helps you to see more clearly,i.redd.it,https://i.redd.it/afctyex09ne51.png,2020-08-02 19:51:59
i2g36d,nonononoyes,memezzer,43653,I‚Äôll protect you,v.redd.it,https://v.redd.it/xho6vtpclme51,2020-08-02 17:38:57
i2gv0a,PrequelMemes,TheGreatBean521,37804,Is it possible to learn this power,i.redd.it,https://i.redd.it/i5ute7u3tme51.png,2020-08-02 18:22:27
i2fsbs,aww,TheGoldenBoi_,51222,A very fine cheetah,i.redd.it,https://i.redd.it/09886vjaime51.jpg,2020-08-02 17:21:39
i2h293,MadeMeSmile,ihatemeltedicecream,23659,my heart,i.redd.it,https://i.redd.it/p9ljlp96vme51.jpg,2020-08-02 18:33:53
i2hnq9,HumansBeingBros,b0rs,13578,He deserves all head scratches he wants,v.redd.it,https://v.redd.it/fulsxx3o0ne51,2020-08-02 19:06:33
i2fhm8,mildlyinteresting,droo46,38908,This banana painted on the floor of a grocery store.,i.imgur.com,https://i.imgur.com/UvEnnmf.jpg,2020-08-02 17:04:33
i2he9y,perfectlycutscreams,Stratty_Boi,14716,Netflix: Are you still watching? Someone‚Äôs daughter:,v.redd.it,https://v.redd.it/2h6o46jeyme51,2020-08-02 18:52:23
i2ga5a,AnimalsBeingDerps,downriverrowing,19248,Now this is a guy who knows how to live his best life,v.redd.it,https://v.redd.it/8gz9id76nme51,2020-08-02 17:50:07
i2gomk,memes,Master_Flip,97439,Who knows why?,i.redd.it,https://i.redd.it/8l82z1uarme51.png,2020-08-02 18:12:28
i2hlc9,technology,ohnoh18,7730,NASA astronauts safely drop into sea after pioneering SpaceX mission to International Space Station,independent.co.uk,https://www.independent.co.uk/life-style/gadgets-and-tech/news/nasa-spacex-return-landing-tv-capsule-splashdown-a9650646.html,2020-08-02 19:03:04
i2fbcv,PublicFreakout,niqdisaster,47418,When your job is to tell people the parks are closed due to Corona (audio on) Austin TX,v.redd.it,https://v.redd.it/md8gvdmbdme51,2020-08-02 16:54:37
i2kcu4,leagueoflegends,TheRogueCookie,4126,Team SoloMid vs. Cloud9 / LCS 2020 Summer - Week 8 / Post-Match Discussion,self.leagueoflegends,https://www.reddit.com/r/leagueoflegends/comments/i2kcu4/team_solomid_vs_cloud9_lcs_2020_summer_week_8/,2020-08-02 21:41:14
i2eyyj,me_irl,Applied_Mathematics,62858,me_irl,i.imgur.com,https://i.imgur.com/DjkT0K7.png,2020-08-02 16:34:30
i2fnne,Tinder,stephers97,20807,Only solo pics,i.redd.it,https://i.redd.it/rm12ji5zgme51.jpg,2020-08-02 17:14:16
i2ifi0,mildlyinfuriating,StillArivata,8188,"The sheer amount of masks and gloves that I keep having to pick up at my work is unacceptable. Throw your damn masks and gloves in the trash, you heathens.",i.redd.it,https://i.redd.it/r425ph8u8ne51.jpg,2020-08-02 19:50:32
i2exn9,WTF,sejebille,21920,Maybe i should‚Äôve closed the window.,v.redd.it,https://v.redd.it/atpqwuzg9me51,2020-08-02 16:32:24
i2id3v,relationship_advice,ThrowRA-PO,7696,UPDATE: I (38m) just found out that my brother (19m) has been perving on my wife (37f),self.relationship_advice,https://www.reddit.com/r/relationship_advice/comments/i2id3v/update_i_38m_just_found_out_that_my_brother_19m/,2020-08-02 19:46:42
i2f5p5,WhitePeopleTwitter,MattloKei,22097,"Apart from thinking my Coffee Maker is out to get me and the occasional voices, I'm good",i.redd.it,https://i.redd.it/iel8xqum6me51.jpg,2020-08-02 16:45:17
i2j56c,dankmemes,BlackAdder7,15683,Thanos: *snaps*,i.redd.it,https://i.redd.it/61t8sk84gne51.jpg,2020-08-02 20:31:16
i2ea25,todayilearned,OrangElm,83827,"TIL that ‚ÄúTurboTax Free‚Äù is not actually free, but ‚ÄúTurboTax Free File‚Äù actually IS free (if you make under 36k). This was done to purposefully mislead the public into paying for a service that should be free according to the IRS.",theverge.com,https://www.theverge.com/2019/4/26/18518211/turbotax-free-tax-filing-hidden-google-search-results,2020-08-02 15:53:26
i2fvzn,baseball,lgm225,9716,"[Healey] BREAKING: The Mets don't know where Yoenis Cespedes is. Team statement: ""As of game time, Yoenis C√©spedes has not reported to the ballpark today. He did not reach out to management with any explanation for his absence. Our attempts to contact him have been unsuccessful.""",twitter.com,https://twitter.com/timbhealey/status/1289975903502491648?s=21,2020-08-02 17:27:32
i2e9yx,politics,HeinieKaboobler,25013,The GOP Is Blocking Journalists From Covering Trump‚Äôs Renomination. That‚Äôs a First in Modern History.,motherjones.com,https://www.motherjones.com/2020-elections/2020/08/the-gop-is-blocking-journalists-from-covering-trumps-renomination-thats-a-first-in-modern-history/,2020-08-02 15:53:19
i2hlfj,nba,nowhathappenedwas,6120,[Young] First question for Gregg Popovich today was about Marco Belinelli's status for the game against the Grizzlies. This was his answer:,self.nba,https://www.reddit.com/r/nba/comments/i2hlfj/young_first_question_for_gregg_popovich_today_was/,2020-08-02 19:03:13
i2fxv8,JusticeServed,Majnum,10213,Woman gets prison sentence for having dogs attack Akron grocery store worker,cleveland.com,https://www.cleveland.com/court-justice/2020/07/woman-gets-prison-sentence-for-having-dogs-attack-akron-grocery-store-worker.html,2020-08-02 17:30:37
i2g81w,gaming,PM-ME-YOUR-CUTE-SOCK,16591,Just like irl,i.redd.it,https://i.redd.it/puw74rbdr4e31.jpg,2020-08-02 17:46:36
i2eszg,Wellthatsucks,MKorostoff,27353,Oh no,v.redd.it,https://v.redd.it/rqnqh5pz7me51,2020-08-02 16:24:31
i2gv2o,AnimalCrossing,Yateesha,11765,‚ÄòIt‚Äôs written in the stars...‚Äô,v.redd.it,https://v.redd.it/62nqwarrsme51,2020-08-02 18:22:33
i2gm6m,tumblr,takaperoinen-miete,11168,These times sure feel like a nosedive,i.redd.it,https://i.redd.it/92sfmrfmqme51.png,2020-08-02 18:08:32
i2e7a7,FuckYouKaren,Bryles333,54100,No one has time for Karens,i.redd.it,https://i.redd.it/msup7vrq1me51.jpg,2020-08-02 15:48:53
i2h6ab,IdiotsInCars,omarpower123,9046,Not sure what the plan was...,v.redd.it,https://v.redd.it/bc0hbwy5wme51,2020-08-02 18:39:51
i2etms,EarthPorn,blaabear,15558,"Have been on holiday in my own country this year. This is N√¶r√∏yfjorden in Norway, looks almost like an old oil painting. OC [2945 x 3912]",i.redd.it,https://i.redd.it/bfi3qona8me51.jpg,2020-08-02 16:25:38
i2f7sh,MovieDetails,ShaneMP01,13801,"In The Outsiders (1983), when Dally falls out of his chair at the drive-in, it was completely accidental, and Ponyboy looks briefly at the camera while laughing.",v.redd.it,https://v.redd.it/3t60awg1cme51,2020-08-02 16:48:46
i2ffg2,dataisbeautiful,Gooberchev,30779,My attempt to graphically combat the idea that U.S. has more cases because we test more. [OC],i.redd.it,https://i.redd.it/pk7cd20ieme51.png,2020-08-02 17:01:10
i2ectj,Coronavirus,IanMazgelis,14773,Dr. Fauci Says Early Results from Coronavirus Vaccine Are 'Very Good News',people.com,https://people.com/health/phase-1-results-in-experimental-coronavirus-vaccine-prove-promising/,2020-08-02 15:58:10
i2grvd,madlads,tanmay0097,11360,Best summer prank,i.redd.it,https://i.redd.it/946rhbo9sme51.jpg,2020-08-02 18:17:35
i2fdg2,suspiciouslyspecific,dont-judge-KrYpTiC,18476,Dominoes,i.redd.it,https://i.redd.it/bintfxb2eme51.jpg,2020-08-02 16:57:57
i2i1di,WitchesVsPatriarchy,bright_n_blight,4887,Keep in Mind...,i.redd.it,https://i.redd.it/zvv9qeaw4ne51.jpg,2020-08-02 19:28:20
i2hdqj,space,Jona_Verachtert,5446,"Splashdown! Demo-2 successful, mission complete!",v.redd.it,https://v.redd.it/uws28tj8yme51,2020-08-02 18:51:28
i2hutw,oddlysatisfying,bymingo100,7474,I zoomed into a brush!,v.redd.it,https://v.redd.it/yhchoycy2ne51,2020-08-02 19:17:44
i2duqe,movies,RayInRed,18223,"James Hong, he's probably been in more movies than any actor in history",cnn.com,https://www.cnn.com/2020/08/02/entertainment/james-hong-actor-movie-credits-trnd/,2020-08-02 15:27:17
i2dy1k,news,Rogerstonetwitter,18333,Hundreds of demonstrators march in Portland on 66th night of protests,cnn.com,https://www.cnn.com/2020/08/02/us/portland-protests/index.html?utm_source=feedburner&amp;utm_medium=feed&amp;utm_campaign=Feed%3A+rss%2Fcnn_latest+%28RSS%3A+CNN+-+Most+Recent%29,2020-08-02 15:33:08
i2iulg,woooosh,Merkantalist,5549,1918 netflix,i.redd.it,https://i.redd.it/2h9ulph1dne51.jpg,2020-08-02 20:14:03
i2ec69,Eyebleach,are_you_angrish,25088,"For all of you sorting by new, here‚Äôs a goose of mine",i.redd.it,https://i.redd.it/g22aaml63me51.jpg,2020-08-02 15:57:01
i2fs0w,insaneparents,DessieDearest,15518,Doesn't think using a belt to cause welts is abuse if it's their own kid,i.redd.it,https://i.redd.it/yhmz05z7ime51.png,2020-08-02 17:21:15
i2fsfl,instantkarma,Jvenz,15934,Instant karma,v.redd.it,https://v.redd.it/g1p11zzwnje51,2020-08-02 17:21:51
i2fe68,ToiletPaperUSA,aTesticleWithTeeth,9913,I was just trying to share.,i.redd.it,https://i.redd.it/mv81p4t9eme51.jpg,2020-08-02 16:59:08
i2je3s,funny,submariner886,8170,I made a Cornholio cornhole game.,i.redd.it,https://i.redd.it/vdjo31anine51.jpg,2020-08-02 20:45:29
i2dk7h,WhatsWrongWithYourDog,e_nathan,22960,My rescue dog trying to bury his doggie ice cream (lactose free) in the bed to save it for later.,v.redd.it,https://v.redd.it/uoyquvcgule51,2020-08-02 15:08:52
i2hpdz,Minecraft,Thicc-Zacc,13015,Working on the Ender Khalifa,i.redd.it,https://i.redd.it/vtjnc9zg1ne51.jpg,2020-08-02 19:09:09
i2itzg,chloe,SrGrafo,4007,Chloe #141 - Hecking Chores,i.redd.it,https://i.redd.it/v70cs9dpcne51.jpg,2020-08-02 20:13:01
i2ctg3,science,InvictusJoker,33421,"Scientists have discovered if they block PLpro (a viral protein), the SARS-CoV-2 virus production was inhibited and the innate immune response of the human cells was strengthened at the same time.",goethe-university-frankfurt.de,https://www.goethe-university-frankfurt.de/press-releases?year=2020,2020-08-02 14:21:48
i2dpgo,Bad_Cop_No_Donut,Enlgoi,19309,Let‚Äôs get this going. The media needs to show this stuff we‚Äôve been seeing everywhere but there.,i.redd.it,https://i.redd.it/thoqq8e8wle51.jpg,2020-08-02 15:18:08
i2e83m,AskReddit,plainfriedchicken,28678,What beautiful place have you visited that isn't a mainstream tourist destination that you recommend people visit?,self.AskReddit,https://www.reddit.com/r/AskReddit/comments/i2e83m/what_beautiful_place_have_you_visited_that_isnt_a/,2020-08-02 15:50:19
i2egxo,whitepeoplegifs,9999monkeys,10594,The faster way down,gfycat.com,https://gfycat.com/powerlessrewardingirishredandwhitesetter,2020-08-02 16:04:37
i2ept3,Whatcouldgowrong,manojs19,19398,WCGW if you slide your buddy on a frozen pool,v.redd.it,https://v.redd.it/6jb93st17me51,2020-08-02 16:19:20
i2gb53,holdmyredbull,OnlyPostInThisSub,6700,Doesn't Look Good For The Snake!,v.redd.it,https://v.redd.it/0v0qv8kenme51,2020-08-02 17:51:43
i2fkgb,Cringetopia,Usrname132,15295,Actual cringe,i.redd.it,https://i.redd.it/1vdfc1p2gme51.jpg,2020-08-02 17:09:13
i2i5ya,wholesomememes,ambipurestrawberry,6999,Moms are cute. I like the cute moms.,i.redd.it,https://i.redd.it/4i5olg676ne51.jpg,2020-08-02 19:35:39
i2jzzz,cursedimages,DangerousDeveloper,3826,cursed_doll,imgur.com,https://imgur.com/mwr7duU,2020-08-02 21:20:36
i2i7iv,pussypassdenied,colossuskidd,4266,For the women that expect a man to pay for everything,i.redd.it,https://i.redd.it/7e7ddpzm6ne51.jpg,2020-08-02 19:38:06
i2e1pn,WatchPeopleDieInside,Kiwi1338,78182,umm... what just happened?,v.redd.it,https://v.redd.it/1cwp4bazzle51,2020-08-02 15:39:27
i2imlj,HumansAreMetal,lol62056,4040,Owen J. Baggett shooting a pilot while parachuting,i.redd.it,https://i.redd.it/wza7rj5uane51.jpg,2020-08-02 20:01:38
i2hp8v,ShitPostCrusaders,TheHusseinOsman,7679,Thank You DIO,v.redd.it,https://v.redd.it/989wo7b31ne51,2020-08-02 19:08:55
i2dtfm,UNBGBBIIVCHIDCTIICBG,YanniFromPakistanni,11981,Girl Coming Out Of Her Shell.,v.redd.it,https://v.redd.it/ev1l9smbxle51,2020-08-02 15:25:03
i2ecv9,blursedimages,ThatOneGamer713,36364,Blursed Jenner,i.redd.it,https://i.redd.it/onod89xe3me51.jpg,2020-08-02 15:58:15
i2fwgj,SuddenlyGay,WhoGunnaCheckMeBoo,8400,"Need a spot, bro?",i.redd.it,https://i.redd.it/pjl5ocfhjme51.jpg,2020-08-02 17:28:19
i2d73y,formula1,LordMcze,26380,[@Mercedes-AMG F1] HQYACQUACYQGABAHWVAKDBXKCOEHAPZHXNCYWKAJJZ,twitter.com,https://twitter.com/MercedesAMGF1/status/1289934431059410950?s=19,2020-08-02 14:46:20
i2hs9c,Terraria,_Nadiki_,6312,"‚ÄúFeed me, Seymour‚Äù",i.redd.it,https://i.redd.it/22qwu0892ne51.jpg,2020-08-02 19:13:33
i2fzjf,DnD,heelguns,7087,[OC][Art] Class pins! üåø,i.redd.it,https://i.redd.it/8exz1oomjme51.png,2020-08-02 17:33:19
i2ef67,worldnews,theblindsniper90,8535,Longest-suffering UK Covid-19 patient returns home after 141 days in hospital and 105 on ventilator,dailymail.co.uk,https://www.dailymail.co.uk/news/article-8585349/Longest-suffering-UK-Covid-19-patient-returns-home-141-days-hospital-105-ventilator.html,2020-08-02 16:01:48
i2fisu,pics,PichuLovy,34020,A tomato that looks like Larry Bird,i.redd.it,https://i.redd.it/jxzt6shkfme51.jpg,2020-08-02 17:06:33
i2eh5h,cursedcomments,ScaredyDragon,40551,Cursed Superman,i.redd.it,https://i.redd.it/lwfdzy6m4me51.jpg,2020-08-02 16:04:59
i2d9tz,TheLastAirbender,FriendlyChance,26430,"I loved how these soldiers were dumbasses, it really humanized them",i.redd.it,https://i.redd.it/htoiatoerle51.png,2020-08-02 14:51:13
i2f6eo,Showerthoughts,bbobb25,15580,The internet is a lot like that one weird friend that you know is a bad influence on you but you still hang out with them because they're funny,self.Showerthoughts,https://www.reddit.com/r/Showerthoughts/comments/i2f6eo/the_internet_is_a_lot_like_that_one_weird_friend/,2020-08-02 16:46:25
i2f0l7,Overwatch,Deponianer,10046,Can we talk a bit about windows in Overwatch? Just...why??,i.redd.it,https://i.redd.it/dy1oxlch9me51.jpg,2020-08-02 16:37:03
i2ckgq,natureismetal,My_Memes_Will_Cure_U,38822,"Largest Elephant in the world, weighing approx 8000 kgs",i.imgur.com,https://i.imgur.com/whNSflo.gifv,2020-08-02 14:04:55
i2j9f7,bi_irl,tomjones198205,3047,Bi_irl,i.redd.it,https://i.redd.it/x5uwpx4bhne51.jpg,2020-08-02 20:37:55
i2gae0,PoliticalHumor,KindaLikeJesus,5149,That's not nice,i.redd.it,https://i.redd.it/9zzik0ufnme51.jpg,2020-08-02 17:50:29
i2g0az,imsorryjon,Rojom,8255,"Time For Teletubbies (Eldertubby Finale, pt. 1/2)",i.redd.it,https://i.redd.it/v1rz2ookkme51.jpg,2020-08-02 17:34:26
i2cds0,sadcringe,RyanWhittaerFE16,41884,Ahh,i.redd.it,https://i.redd.it/31yrcgozgle51.jpg,2020-08-02 13:52:38
i2cxp9,oddlyterrifying,Ipreferpintrest,28020,"My boyfriend fell asleep making pizza, it cooked for NINE HOURS",i.redd.it,https://i.redd.it/2x8pt7nlnle51.jpg,2020-08-02 14:29:40
i2iavu,FiftyFifty,WillZel,4014,(50/50) Man gets face mauled by dog (NSFW) | Dog catching a fish (SFW),v.redd.it,https://v.redd.it/yqkp3fmh7ne51,2020-08-02 19:43:13
i2cnmg,ProgrammerHumor,haddock420,17651,Even the experts don't know everything,i.imgur.com,https://i.imgur.com/JOAwTzW.png,2020-08-02 14:10:58
i2houb,woodworking,_nikknack_,3704,Tried my hand at woodworking and made some dining table benches.,reddit.com,https://www.reddit.com/gallery/i2houb,2020-08-02 19:08:17
i2f5iu,interestingasfuck,gargunwich,51147,This tree on my Aunts property has a story to tell.,i.redd.it,https://i.redd.it/pdpqod1rbme51.jpg,2020-08-02 16:44:59
i2eleb,MurderedByWords,beerbellybegone,24427,"He's a real stand up fella, Tyrone is",i.redd.it,https://i.redd.it/bhz0yuep5me51.jpg,2020-08-02 16:12:02
i2iwqe,dndmemes,theironbagel,3170,Clever joke,i.redd.it,https://i.redd.it/aph49gcndne51.jpg,2020-08-02 20:17:24
i2cq49,therewasanattempt,jasontaken,31734,to attack mom,gfycat.com,https://gfycat.com/smugsnarlinghorseshoecrab-cats,2020-08-02 14:15:32
i2gw1o,BokuNoHeroAcademia,neildluffy,4864,I drew Nejire just chillin! (colourless version in the comments! feel free to colour ‚ù§),i.redd.it,https://i.redd.it/zr5sd17zrme51.jpg,2020-08-02 18:24:03
i2e6nf,Jokes,cyclopropagative,14394,"In breaking news, Trump‚Äôs personal library has burned down.",self.Jokes,https://www.reddit.com/r/Jokes/comments/i2e6nf/in_breaking_news_trumps_personal_library_has/,2020-08-02 15:47:50
i2e8k2,meirl,Garou4,9657,Me_irl,i.redd.it,https://i.redd.it/02f3x6x42me51.jpg,2020-08-02 15:51:06
i2fjdl,MadeMeSmile,pratiknarola,40033,This clip made my day.,v.redd.it,https://v.redd.it/ns5k98pkfme51,2020-08-02 17:07:32
